{"Alabama": [[30.21666667, 35], [84.85, 88.46666667]], "Arizona": [[31.33333333, 37], [109.05, 114.8333333]], "California": [[32.5, 42], [114.1333333, 124.4]], "Colorado": [[37, 41], [102, 109]], "Connecticut": [[40.96666667, 42.05], [71.78333333, 73.73333333]], "Florida": [[24.5, 31], [79.8, 87.63333333]], "Georgia": [[30.51666667, 35], [81, 85.88333333]], "Illinois": [[36.96666667, 42.5], [87.5, 91.5]], "Indiana": [[38.75, 40.35], [79.25, 85.45]], "Iowa": [[40.6, 43.5], [89.08333333, 96.51666667]], "Kansas": [[37, 40], [94.63333333, 102.0261111]], "Kentucky": [[36.5, 39.15], [81.96666667, 89.56666667]], "Louisiana": [[29, 33], [89, 94]], "Maryland": [[37.88333333, 39.71666667], [75.06666667, 79.55]], "Massachusetts": [[41.16666667, 42.88333333], [68.95, 73.5]], "Michigan": [[41.68333333, 47.5], [82.43333333, 90.51666667]], "Minnesota": [[43.5, 49.38333333], [89.48333333, 97.23333333]], "Missouri": [[36, 40.58333333], [89.1, 95.7]], "Nevada": [[35, 42], [114, 120]], "New Jersey": [[38.91666667, 41.35638889], [73.89416667, 75.58333333]], "New York": [[40.5, 45.01666667], [71.85, 79.76666667]], "North Carolina": [[33.83333333, 36.58333333], [75.46666667, 84.31666667]], "Ohio": [[38.45, 41.96666667], [80.53333333, 84.81666667]], "Oklahoma": [[33.58333333, 37], [94.48333333, 103]], "Oregon": [[42, 46.25], [116.75, 124.5]], "Pennsylvania": [[39.71666667, 42.26666667], [74.68333333, 80.51666667]], "South Carolina": [[32.075, 35.2], [78.00833333, 83.33333333]], "Tennessee": [[35, 36.68333333], [81.61666667, 90.46666667]], "Texas": [[25.83333333, 36.5], [93.51666667, 106.65]], "Utah": [[37, 42], [109.05, 114.05]], "Virginia": [[36.51666667, 39.61666667], [75.21666667, 83.61666667]], "Washington": [[45.55, 49], [116.9166667, 124.7666667]], "Wisconsin": [[42.5, 47.08333333], [86.76666667, 92.9]]}